thd1,thd2,boosting_bound
96.7793464660645,44.2206233739853,0.14184021949768064
