thd1,thd2,boosting_bound
99.39641711025111,99.806421995163,0.00042080317507497966
