thd1,thd2,boosting_bound
99.4481174349785,94.6184813976288,0.003556993557140231
