thd1,thd2,boosting_bound
2.24833826223403e-05,2.24833826223403e-05,3.769818901488975e-10
