thd1,thd2,boosting_bound
99.9918789054557,99.9945402145386,1.1743673411501732e-07
