.rsrc,.rdata
10,3
-0.23441236,0.0014093970000000002
-1.1137344503681137,1.0914135514018692
